# name	repo	ref	sha	manifest_version
atmocube	WOOWTECH/woow_ha_atmocube	HEAD	03755b6	1.1.1
browser_mod	thomasloven/hass-browser_mod	v2.13.3	d09bfed	2.13.3
climate_template	WOOWTECH/Woow_ha_entities_template	HEAD	1bc1c0c	1.4.1
config_editor	junkfix/config-editor	HEAD	f4a4253	5.0.0
cover_rf_time_based	nagyrobi/home-assistant-custom-components-cover-rf-time-based	HEAD	eb0f70b	1.1.3
ha_area_control	WOOWTECH/Woow_ha_permission_control	HEAD	6339f92	1.0.4
ha_asset_record	WOOWTECH/Woow_ha_records	HEAD	8532b8985adb6e7780cffb649e85a67165da8ec0	1.0.2
ha_finance	WOOWTECH/Woow_ha_records	HEAD	8532b8985adb6e7780cffb649e85a67165da8ec0	1.1.0
ha_health_record	WOOWTECH/Woow_ha_records	HEAD	8532b8985adb6e7780cffb649e85a67165da8ec0	1.1.0
ha_label_control	WOOWTECH/Woow_ha_permission_control	HEAD	6339f92	2.0.1
ha_mcp_tools	WOOWTECH/Woow_ha_ai_mcp	HEAD	83b3f4f	1.2.2
ha_note_record	WOOWTECH/Woow_ha_records	HEAD	8532b8985adb6e7780cffb649e85a67165da8ec0	1.0.2
ha_permission_manager	WOOWTECH/Woow_ha_permission_control	HEAD	6339f92	1.0.3
hacs	hacs/integration	2.0.5	c0dfd8b	0.0.0
localtuya	rospogrigio/localtuya	HEAD	59c95cd	5.2.3
nodered	zachowj/hass-node-red	HEAD	82ff4e6	4.2.3
pyscript	custom-components/pyscript	HEAD	b08de4a	2.0.1
scheduler	nielsfaber/scheduler-component	v3.3.8	4935e21	v0.0.0
template_light_composer	WOOWTECH/Woow_ha_entities_template	HEAD	1bc1c0c	1.0.2
woow_blueprint_manager	WOOWTECH/Woow_ha_blueprint	HEAD	3e35f71f0fb69c5fe81d1c809103922941d09e41	1.0.1
woow_cover_entity	WOOWTECH/Woow_ha_entities_template	HEAD	1bc1c0c	1.0.1
woow_dmx	WOOWTECH/Woow_ha_multi_protocol_connect	HEAD	04bd032f2b1742400e747fcd7d146cf68fdbe94f	2.1.1
woow_fan_entity	WOOWTECH/Woow_ha_entities_template	HEAD	1bc1c0c	1.2.1
woow_ha_remote_ha_control	WOOWTECH/Woow_ha_remote_ha_control	HEAD	2f01c6e	5.0.1
woow_knx	WOOWTECH/Woow_ha_multi_protocol_connect	HEAD	04bd032f2b1742400e747fcd7d146cf68fdbe94f	2.1.1
woow_modbus	WOOWTECH/Woow_ha_multi_protocol_connect	HEAD	04bd032f2b1742400e747fcd7d146cf68fdbe94f	2.1.1
woow_tech_somfy_cover	WOOWTECH/woow_tech_somfy_cover	HEAD	a87ba9be8a3b0501a9cecac5ea5b757477497f7a	1.0.4
woow_zha_quirks	WOOWTECH/Woow_ha_zha_quirk_component	HEAD	f07bcdf	1.2.0
