# name	repo	ref	srcpath   (ADR 0005 — pinned 2026-07-30)
atmocube	WOOWTECH/woow_ha_atmocube	HEAD	custom_components/atmocube
browser_mod	thomasloven/hass-browser_mod	v2.13.3	custom_components/browser_mod
climate_template	WOOWTECH/Woow_ha_entities_template	HEAD	climate_template
config_editor	junkfix/config-editor	HEAD	custom_components/config_editor
cover_rf_time_based	nagyrobi/home-assistant-custom-components-cover-rf-time-based	HEAD	custom_components/cover_rf_time_based
ha_area_control	WOOWTECH/Woow_ha_permission_control	HEAD	ha_area_control
ha_asset_record	WOOWTECH/Woow_ha_records	HEAD	custom_components/ha_asset_record
ha_finance	WOOWTECH/Woow_ha_records	HEAD	custom_components/ha_finance
ha_health_record	WOOWTECH/Woow_ha_records	HEAD	custom_components/ha_health_record
ha_label_control	WOOWTECH/Woow_ha_permission_control	HEAD	ha_label_control
ha_mcp_tools	WOOWTECH/Woow_ha_ai_mcp	HEAD	custom_components/ha_mcp_tools
ha_note_record	WOOWTECH/Woow_ha_records	HEAD	custom_components/ha_note_record
ha_permission_manager	WOOWTECH/Woow_ha_permission_control	HEAD	ha_permission_manager/custom_components/ha_permission_manager
hacs	hacs/integration	2.0.5	custom_components/hacs
localtuya	rospogrigio/localtuya	HEAD	custom_components/localtuya
nodered	zachowj/hass-node-red	HEAD	custom_components/nodered
pyscript	custom-components/pyscript	HEAD	custom_components/pyscript
scheduler	nielsfaber/scheduler-component	v3.3.8	custom_components/scheduler
template_light_composer	WOOWTECH/Woow_ha_entities_template	HEAD	template_light_composer
woow_blueprint_manager	WOOWTECH/Woow_ha_blueprint	HEAD	custom_components/woow_blueprint_manager
woow_cover_entity	WOOWTECH/Woow_ha_entities_template	HEAD	woow_cover_entity
woow_dmx	WOOWTECH/Woow_ha_multi_protocol_connect	HEAD	custom_components/woow_dmx
woow_fan_entity	WOOWTECH/Woow_ha_entities_template	HEAD	woow_fan_entity
woow_ha_remote_ha_control	WOOWTECH/Woow_ha_remote_ha_control	HEAD	custom_components/woow_ha_remote_ha_control
woow_knx	WOOWTECH/Woow_ha_multi_protocol_connect	HEAD	custom_components/woow_knx
woow_modbus	WOOWTECH/Woow_ha_multi_protocol_connect	HEAD	custom_components/woow_modbus
woow_tech_somfy_cover	WOOWTECH/woow_tech_somfy_cover	HEAD	custom_components/woow_tech_somfy_cover
woow_zha_quirks	WOOWTECH/Woow_ha_zha_quirk_component	HEAD	custom_components/woow_zha_quirks
